,job_title,job_loc,description_tokens
0,data analyst intern,KS,[]
1,data analyst intern,,['r']
2,data analyst intern,,"['python', 'r', 'java']"
3,data analyst intern,NY,[]
4,data analyst intern,NY,"['word', 'jupyter', 'sql', 'outlook', 'numpy', 'excel', 'python', 'powerpoint', 'tableau', 'matplotlib', 'pandas']"
5,data analyst intern,,[]
6,data analyst intern,MT,"['power_bi', 'excel', 'tableau']"
7,data analyst intern,CA,"['power_bi', 'excel', 'tableau']"
8,data analyst intern,WA,"['c', 'java', 'linux', 'python']"
9,data analyst intern,TX,"['power_bi', 'python', 'power_bi', 'sql', 'excel']"
10,data analyst intern,MD,['excel']
11,data analyst intern,IN,"['word', 'power_bi', 'outlook', 'excel', 'powerpoint', 'tableau']"
12,data analyst intern,TX,"['power_bi', 'python', 'tableau', 'sql', 'azure']"
13,data analyst intern,FL,[]
14,data analyst intern,CA,"['sql', 'python', 'r']"
15,data analyst intern,AR,"['python', 'power_bi', 'tableau', 'sql', 'excel']"
16,data analyst intern,WA,"['javascript/typescript', 'python', 'tensorflow', 'pytorch']"
17,data analyst intern,IL,"['sap', 'spreadsheet', 'outlook', 'spreadsheet', 'powerpoint', 'word', 'excel']"
18,data analyst intern,UT,"['powerpoint', 'word', 'excel']"
19,data analyst intern,MI,['sas']
20,data analyst intern,UT,"['powerpoint', 'word', 'excel']"
21,data analyst intern,CA,['python']
22,data analyst intern,UT,"['python', 'r', 'linux/unix', 'hadoop', 'sql', 'spark']"
23,data analyst intern,IL,"['go', 'powerpoint']"
24,data analyst intern,MD,"['sql', 'excel']"
25,data analyst intern,MD,"['java', 'python', 'r', 'c++']"
26,data analyst intern,AR,"['python', 'r', 'tableau', 'sql']"
27,data analyst intern,CA,"['python', 'outlook']"
28,data analyst intern,MO,[]
29,data analyst intern,MA,[]
30,data analyst intern,MN,[]
31,data analyst intern,MD,"['power_bi', 'sql', 'keras', 'matlab', 'python', 'r', 'plotly', 'tableau']"
32,data analyst intern,AZ,"['power_bi', 'outlook', 'sharepoint']"
33,data analyst intern,VA,"['powerpoint', 'word', 'excel', 'sharepoint']"
34,data analyst intern,,"['python', 'r']"
35,data analyst intern,,"['python', 'r', 'jupyter', 'aws']"
36,data analyst intern,CO,"['power_bi', 'visio', 'excel', 'sharepoint']"
37,data analyst intern,VA,['java']
38,data analyst intern,MA,"['power_bi', 'sql', 'excel', 'python', 'r', 'tableau', 'vba']"
39,data analyst intern,NV,"['css', 'python', 'jquery', 'html', 'vue', 'js', 'node.js']"
40,data analyst intern,,[]
41,data analyst intern,NY,"['go', 'excel', 'powerpoint']"
42,data analyst intern,NJ,"['python', 'r', 'excel']"
43,data analyst intern,GA,"['python', 'java']"
44,data analyst intern,CO,"['python', 'r', 'java']"
45,data analyst intern,CA,['sharepoint']
46,data analyst intern,IA,[]
47,data analyst intern,,[]
48,data analyst intern,,['r']
49,data analyst intern,ND,"['power_bi', 'excel']"
50,data analyst intern,,"['python', 'linux', 'sql', 'git', 'aws']"
51,data analyst intern,,"['python', 'linux/unix', 'bash', 'git', 'aws', 'html']"
52,data analyst intern,,[]
53,data analyst intern,,['excel']
54,data analyst intern,CT,"['excel', 'tableau']"
55,data analyst intern,MA,"['powerpoint', 'tableau', 'word', 'excel', 'go']"
56,data analyst intern,NY,[]
57,data analyst intern,,"['sas', 'python', 'r', 'sap', 'tableau', 'tensorflow', 'pandas', 'aws']"
58,data analyst intern,NY,[]
59,data analyst intern,NC,"['docker', 'java', 'python', 'ruby', 'aws', 'azure', 'linux/unix']"
60,data analyst intern,CA,[]
61,data analyst intern,GA,"['c', 'python', 'c++', 'java']"
62,data analyst intern,CA,"['c', 'python', 'pl/sql', 'gitlab', 'c++', 'shell', 'perl', 'sql', 'java', 'git', 'assembly']"
63,data analyst intern,CA,"['asp.net', 'javascript', 'css', 'sql', 'java', 'html']"
64,data analyst intern,,"['python', 'r', 'excel']"
65,data analyst intern,UT,"['sql', 'r', 'tableau', 'git']"
66,data analyst intern,MO,"['sql', 'r', 'tableau', 'git']"
67,data analyst intern,NC,"['sql', 'r', 'tableau', 'git']"
68,data analyst intern,CA,"['python', 'linux', 'c++', 'tensorflow', 'spark', 'pytorch', 'azure', 'aws']"
69,data analyst intern,TX,"['javascript', 'sql', 'redshift', 'postgresql', 'c', 'graphql', 'aws', 'redis', 'typescript']"
70,data analyst intern,,[]
71,data analyst intern,,"['tableau', 'visio', 'excel']"
72,data analyst intern,WA,['azure']
73,data analyst intern,CO,"['javascript', 'python', 'ruby', 'node.js']"
74,data analyst intern,MN,"['power_bi', 'python', 'r', 'tableau', 'sql', 'looker']"
75,data analyst intern,PA,"['c', 'python', 'tensorflow']"
76,data analyst intern,TX,"['bash', 'gcp', 'scala', 'mysql', 'go', 'python', 'aws', 'twilio']"
77,data analyst intern,TX,"['javascript', 'css', 'jquery', 'azure', 'git', 'selenium']"
78,data analyst intern,MA,"['sql', 'sas', 'python', 'r', 'tableau']"
79,data analyst intern,CA,"['sql', 'sas', 'python', 'azure']"
80,data analyst intern,NY,['java']
81,data analyst intern,CA,"['c', 'python', 'tensorflow']"
82,data analyst intern,NC,"['python', 'javascript', 'c++', 'java']"
83,data analyst intern,MD,"['python', 'javascript', 'c++', 'java']"
84,data analyst intern,CA,"['tensorflow', 'linux', 'matlab', 'python']"
85,data analyst intern,FL,"['sql', 'spark', 'java', 'python', 'aws', 'numpy', 'tableau', 'pandas']"
86,data analyst intern,IA,['java']
87,data analyst intern,NC,"['python', 'c/c++', 'java', 'go', 'matlab']"
88,data analyst intern,NY,"['c', 'python', 'perl', 'sql', 'git']"
89,data analyst intern,MD,[]
90,data analyst intern,CO,"['c', 'python', 'bash', 'powerpoint', 'c++', 'word', 'visio', 'java', 'excel', 'html']"
91,data analyst intern,CA,"['python', 'c/c++', 'java', 'go', 'matlab']"
92,data analyst intern,UT,"['power_bi', 'matplotlib', 'tableau', 'sql', 'qlik', 'alteryx', 'pandas']"
93,data analyst intern,VA,"['python', 'javascript', 'c++', 'java']"
94,data analyst intern,CA,['excel']
95,data analyst intern,TX,"['python', 'r', 'c++', 'java']"
96,data analyst intern,CA,"['python', 'javascript', 'excel', 'ruby']"
97,data analyst intern,WA,"['javascript', 'css', 'jquery', 'azure', 'git', 'selenium']"
98,data analyst intern,MA,[]
99,data analyst intern,TX,"['python', 'javascript', 'excel', 'ruby']"
100,data analyst intern,OR,"['golang', 'python', 'aws']"
101,data analyst intern,,"['sql', 'excel', 'aws', 'php']"
102,data analyst intern,IN,"['javascript', 'css', 'sass', 'mysql', 'linux', 'jquery', 'html', 'php', 'git']"
103,data analyst intern,VA,"['python', 'aws']"
104,data analyst intern,CA,"['tensorflow', 'gitlab', 'python', 'pytorch', 'c++']"
105,data analyst intern,FL,"['word', 'outlook', 'excel', 'powerpoint']"
106,data analyst intern,FL,"['sql', 'nosql', 'java', 'python', 'node.js', 'git']"
107,data analyst intern,GA,['r']
108,data analyst intern,OR,"['golang', 'python', 'aws']"
109,data analyst intern,AZ,"['c', 'python', 'r', 'javascript', 'css', 'sql', 'vb.net', 'html']"
110,data analyst intern,CA,"['spark', 'python', 'rust']"
111,data analyst intern,NY,"['javascript', 'css', 'java', 'python', 'unix/linux', 'html']"
112,data analyst intern,CA,"['sql', 'numpy', 'python', 'pandas']"
113,data analyst intern,,"['javascript', 'css', 'html', 'splunk']"
114,data analyst intern,ID,"['javascript', 'css', 'html']"
115,data analyst intern,,"['linux', 'unix/linux']"
116,data analyst intern,TX,"['c', 'python', 'bash', 'powerpoint', 'powershell', 'node.js', 'postgres', 'word', 'sql', 'excel', 'azure', 'git', 'mysql']"
117,data analyst intern,CO,"['bash', 'gitlab', 'linux', 'shell', 'github']"
118,data analyst intern,NY,"['sap', 'power_bi', 'jira', 'azure']"
119,data analyst intern,,"['javascript', 'css', 'sass', 'excel']"
120,data analyst intern,MA,"['python', 'spark']"
121,data analyst intern,CA,"['javascript', 'sql', 'java', 'go', 'matlab', 'splunk']"
122,data analyst intern,,"['c', 'python', 'powershell', 'azure']"
123,data analyst intern,IN,[]
124,data analyst intern,CA,"['snowflake', 'hadoop', 'c++', 'sql', 'spark', 'java', 'azure', 'aws']"
125,data analyst intern,NY,['git']
126,data analyst intern,PA,"['go', 'python']"
127,data analyst intern,,"['postgresql', 'mysql', 'python', 'git']"
128,data analyst intern,MO,"['java', 'kotlin', 'go', 'swift']"
129,data analyst intern,MD,"['python', 'bash', 'gcp', 'linux', 'powershell', 'ubuntu', 'ruby', 'azure', 'docker', 'aws']"
130,data analyst intern,NV,"['bash', 'python', 'linux/unix']"
131,data analyst intern,CA,"['postgresql', 'mysql', 'python', 'git']"
132,data analyst intern,MA,"['bash', 'c/c++', 'python', 'unix', 'shell']"
133,data analyst intern,FL,"['java', 'kotlin']"
134,data analyst intern,CA,[]
135,data analyst intern,PA,"['javascript', 'php', 'mysql', 'html']"
136,data analyst intern,WA,"['c', 'snowflake', 'redis', 'hadoop', 'c++', 'sql', 'spark', 'java']"
137,data analyst intern,TX,"['javascript', 'css', 'c', 'java', 'html']"
138,data analyst intern,,"['ruby', 'r', 'aws']"
139,data analyst intern,MO,['php']
140,data analyst intern,CA,[]
141,data analyst intern,VA,"['python', 'javascript', 'sql', 'azure', 'git', 'postgresql', 'aws']"
142,data analyst intern,CA,"['python', 'snowflake', 'sql', 'java', 'azure', 'docker', 'aws']"
143,data analyst intern,WA,"['c', 'java', 'python']"
144,data analyst intern,DE,"['c', 'python', 'javascript', 'c++', 'sql', 'java', 'php']"
145,data analyst intern,GA,['python']
146,data analyst intern,,"['javascript', 'css', 'html', 'git']"
147,data analyst intern,UT,[]
148,data analyst intern,CA,"['javascript', 'css', 'html', 'git']"
149,data analyst intern,NY,['c']
150,data analyst intern,PA,"['python', 'javascript', 'css', 'node.js', 'github', 'git', 'aws', 'html']"
151,data analyst intern,NY,[]
152,data analyst intern,GA,[]
153,data analyst intern,CA,"['sql', 'redshift', 'tensorflow', 'spark', 'airflow', 'python', 'snowflake', 'aws', 'pytorch']"
154,data analyst intern,WA,"['c', 'snowflake', 'redis', 'c++', 'sql', 'java']"
155,data analyst intern,OR,"['javascript', 'c', 'aws']"
156,data analyst intern,TX,['python']
157,data analyst intern,CO,"['c', 'spark', 'git']"
158,data analyst intern,MA,"['word', 'excel', 'powerpoint']"
159,data analyst intern,IL,"['sql', 'c', 'asp.net', 'mysql', 'java']"
160,data analyst intern,CA,"['c', 'python', 'c++', 'sql', 'java', 'azure', 'docker', 'aws']"
161,data analyst intern,NY,"['c', 'sql', 'git']"
162,data analyst intern,GA,"['python', 'r', 'sap', 'powerpoint', 'tableau', 'word', 'sql', 'visio', 'excel']"
163,data analyst intern,CA,[]
164,data analyst intern,CO,"['word', 'javascript', 'sql', 'css', 'postgresql', 'numpy', 'excel', 'python', 'powerpoint', 'jquery', 'html', 'matplotlib', 'pandas']"
165,data analyst intern,GA,"['c', 'c++', 'java']"
166,data analyst intern,CA,[]
167,data analyst intern,UT,[]
168,data analyst intern,VA,"['docker', 'javascript', 'c', 'java', 'python', 'r', 'aws', 'azure']"
169,data analyst intern,NY,"['sql', 'redshift', 'spark', 'mysql', 'airflow', 'python', 'tableau']"
170,data analyst intern,UT,"['javascript', 'linux', 'sql', 'java', 'kotlin']"
171,data analyst intern,CA,"['word', 'bitbucket', 'c', 'outlook', 'excel', 'linux', 'python', 'powerpoint', 'unix', 'groovy', 'powershell', 'shell', 'git']"
172,data analyst intern,AL,"['c', 'python', 'c++', 'java', 'git']"
173,data analyst intern,MD,"['c/c++', 'java', 'matlab', 'python']"
174,data analyst intern,UT,"['javascript', 'linux', 'sql']"
175,data analyst intern,CA,"['word', 'bitbucket', 'c', 'outlook', 'excel', 'linux', 'python', 'powerpoint', 'unix', 'groovy', 'powershell', 'shell', 'git']"
176,data analyst intern,NY,"['python', 'bash', 'gcp', 'linux', 'powershell', 'ubuntu', 'ruby', 'azure', 'docker', 'aws']"
177,data analyst intern,WA,['python']
178,data analyst intern,GA,"['c', 'python', 'c++', 'java']"
179,data analyst intern,NC,"['c', 'sas', 'python', 'c++', 'sql', 'spark', 'java', 'mysql']"
180,data analyst intern,CA,"['python', 'docker', 'splunk']"
181,data analyst intern,OR,"['c', 'linux', 'python', 'c++', 'git']"
182,data analyst intern,NY,"['c', 'c++']"
183,data analyst intern,MO,"['javascript', 'sql', 'java', 'ruby', 'php', 'swift']"
184,data analyst intern,AL,"['vue', 'redis', 'javascript', 'css', 'typescript', 'git', 'sass', 'html']"
185,data analyst intern,AZ,[]
186,data analyst intern,OH,['c']
187,data analyst intern,MN,[]
188,data analyst intern,NY,"['c', 'c/c++', 'java', 'c++']"
189,data analyst intern,OH,"['c', 'powerpoint', 'c++', 'word', 'java', 'excel']"
190,data analyst intern,NY,"['excel', 'sharepoint']"
191,data analyst intern,PA,"['sap', 'power_bi', 'sql', 'excel', 'sharepoint']"
192,data analyst intern,TX,"['c', 'asp.net', 'java', 'visual_basic']"
193,data analyst intern,FL,"['c', 'c++', 'github']"
194,data analyst intern,MD,"['java', 'python', 'aws', 'c++', 'azure', 'git']"
195,data analyst intern,OH,[]
196,data analyst intern,,"['javascript', 'css', 'node.js']"
197,data analyst intern,VA,[]
198,data analyst intern,GA,"['c', 'c++', 'java']"
199,data analyst intern,PA,"['c', 'asp.net', 'c++', 'java']"
200,data analyst intern,HI,"['python', 'r', 'jupyter', 'aws']"
201,data analyst intern,NY,"['python', 'outlook', 'powerpoint', 'word', 'java', 'excel', 'html']"
202,data analyst intern,MA,"['c', 'linux', 'c/c++']"
203,data analyst intern,,['github']
204,data analyst intern,FL,['java']
205,data analyst intern,AL,"['c', 'python', 'c++', 'java', 'git']"
206,data analyst intern,AL,"['c', 'python', 'c++', 'java', 'git']"
207,data analyst intern,MA,['c++']
208,data analyst intern,CA,['r']
209,data analyst intern,CA,"['c', 'rust', 'c++', 'assembly']"
210,data analyst intern,TN,"['jira', 'r', 'git']"
211,data analyst intern,PA,"['c', 'javascript', 'css', 'sql', 'html']"
212,data analyst intern,CA,"['tensorflow', 'pytorch']"
213,data analyst intern,WI,"['mysql', 'java', 'python', 'rust', 'c++', 'swift']"
214,data analyst intern,CA,"['javascript', 'solidity', 'python', 'git']"
215,data analyst intern,CO,"['javascript', 'bitbucket', 'graphql', 'aws', 'typescript']"
216,data analyst intern,TX,"['java', 'aws']"
217,data analyst intern,IN,[]
218,data analyst intern,FL,"['javascript', 'css', 'html']"
219,data analyst intern,MN,['javascript']
220,data analyst intern,NY,"['python', 'r', 'powerpoint', 'sql', 'excel']"
221,data analyst intern,,"['docker', 'linux', 'python', 'unix', 'aws', 'groovy', 'shell', 'git']"
222,data analyst intern,CA,"['tensorflow', 'keras', 'python']"
223,data analyst intern,MA,"['c', 'linux', 'c/c++']"
224,data analyst intern,AZ,"['word', 'excel']"
225,data analyst intern,NY,[]
226,data analyst intern,PA,"['c', 'asp.net', 'sql']"
227,data analyst intern,MO,[]
228,data analyst intern,TX,"['javascript', 'c', 'c/c++', 'go', 'node', 'git']"
229,data analyst intern,NJ,"['python', 'javascript', 'css', 'jquery', 'node.js', 'spark', 'java', 'docker', 'nosql', 'aws', 'aurora']"
230,data analyst intern,TX,"['vue', 'excel', 'git']"
231,data analyst intern,SC,"['c', 'linux', 'r']"
232,data analyst intern,MD,"['javascript', 'linux', 'c++', 'java', 'jira', 'git']"
233,data analyst intern,AL,"['c', 'python', 'c++', 'java', 'git']"
234,data analyst intern,CA,"['javascript', 'c++', 'github']"
235,data analyst intern,NC,"['sas', 'python', 'spark', 'git', 'go']"
236,data analyst intern,VA,"['c', 'python', 'atlassian', 'gitlab', 'linux', 'typescript', 'c/c++', 'java', 'jira']"
237,data analyst intern,PA,"['javascript', 'css', 'html', 'swift']"
238,data analyst intern,MD,"['elixir', 'ruby']"
239,data analyst intern,CA,"['javascript', 'nosql', 'css', 'java', 'linux', 'jquery', 'html', 'php', 'node', 'node.js']"
240,data analyst intern,CA,"['word', 'excel', 'powerpoint']"
241,data analyst intern,PA,['sql']
242,data analyst intern,,"['word', 'c', 'java', 'excel', 'matlab', 'python', 'c++', 'perl']"
243,data analyst intern,,"['c', 'python', 'c++', 'java', 'git']"
244,data analyst intern,MD,"['javascript', 'linux', 'c++', 'java', 'jira', 'git']"
245,data analyst intern,NY,[]
246,data analyst intern,VA,"['c', 'python', 'atlassian', 'gitlab', 'linux', 'typescript', 'c/c++', 'java', 'jira']"
247,data analyst intern,CA,"['tensorflow', 'gitlab', 'python', 'pytorch', 'c++']"
248,data analyst intern,CA,"['c', 'c++', 'java']"
249,data analyst intern,PA,"['c', 'javascript', 'powerpoint', 'word', 'sql', 'php']"
250,data analyst intern,CA,"['tensorflow', 'c/c++', 'java', 'python', 'pytorch']"
251,data analyst intern,IL,"['swift', 'git']"
252,data analyst intern,CA,"['linux', 'python', 'c++', 'shell', 'git', 'perl']"
253,data analyst intern,FL,"['sap', 'linux', 'c++', 'c/c++']"
254,data analyst intern,MI,"['c', 'linux', 'c++']"
255,data analyst intern,,"['java', 'excel', 'kotlin']"
256,data analyst intern,,"['js', 'node', 'javascript', 'css', 'jquery', 'typescript', 'jira', 'php', 'github', 'git', 'docker', 'html']"
257,data analyst intern,CA,"['c', 'c/c++', 'matlab', 'python', 'r']"
258,data analyst intern,CA,"['python', 'c++', 'unix/linux', 'git', 'assembly']"
259,data analyst intern,MA,"['power_bi', 'sql', 'ssrs', 'c', 'java', 'c++']"
260,data analyst intern,NJ,"['sql', 'tensorflow', 'spark', 'python', 'snowflake', 'hadoop', 'pytorch', 'azure']"
261,data analyst intern,NH,[]
262,data analyst intern,CA,"['tensorflow', 'gitlab', 'python', 'pytorch', 'c++']"
263,data analyst intern,FL,"['sap', 'linux', 'c++', 'c/c++']"
264,data analyst intern,TX,"['c++', 'perl', 'c/c++', 'unix', 'assembly']"
265,data analyst intern,CA,['swift']
266,data analyst intern,NJ,"['mysql', 'html', 'php']"
267,data analyst intern,AL,"['swift', 'git']"
268,data analyst intern,CA,['r']
269,data analyst intern,AL,[]
270,data analyst intern,MD,"['elixir', 'ruby']"
271,data analyst intern,AL,"['c', 'python', 'c++', 'java', 'git']"
272,data analyst intern,CO,"['c', 'python', 'lua', 'javascript', 'power_bi', 'css', 'html', 'terminal', 'visual_basic']"
273,data analyst intern,PA,"['c/c++', 'java', 'python', 'rust']"
274,data analyst intern,OH,['python']
275,data analyst intern,CA,[]
276,data analyst intern,AL,"['c', 'python', 'c++', 'java', 'git']"
277,data analyst intern,CA,"['linux', 'python', 'pytorch', 'c++']"
278,data analyst intern,CA,"['tensorflow', 'c', 'linux', 'python', 'pytorch', 'c++']"
279,data analyst intern,,"['c', 'python', 'c++', 'java', 'git']"
280,data analyst intern,FL,"['spreadsheet', 'word', 'java', 'sharepoint']"
281,data analyst intern,AL,"['c', 'sql', 'azure']"
282,data analyst intern,VA,"['python', 'javascript', 'typescript', 'sql', 'java', 'azure', 'docker', 'nosql', 'go', 'aws']"
283,data analyst intern,TX,['r']
284,data analyst intern,CA,"['python', 'outlook', 'shell', 'c/c++', 'unix/linux', 'assembly']"
285,data analyst intern,MA,"['javascript', 'css', 'sass', 'go', 'linux', 'ruby', 'html', 'terminal', 'ubuntu', 'node.js']"
286,data analyst intern,,"['c', 'python', 'c++', 'java', 'git']"
287,data analyst intern,CA,"['c', 'python', 'linux', 'rust', 'c/c++', 'jira', 'git']"
288,data analyst intern,,"['python', 'aws', 'git']"
289,data analyst intern,CA,"['linux', 'jira']"
290,data analyst intern,VA,"['spreadsheet', 'word', 'java', 'sharepoint']"
291,data analyst intern,VA,"['spreadsheet', 'word', 'java', 'sharepoint']"
292,data analyst intern,,"['python', 'github']"
293,data analyst intern,NJ,"['pl/sql', 'javascript', 'sql', 'java', 'unix', 'html']"
294,data analyst intern,WA,[]
295,data analyst intern,WA,"['c', 'python', 'linux', 'rust', 'c/c++', 'jira', 'git']"
296,data analyst intern,CA,"['python', 'c/c++', 'assembly']"
297,data analyst intern,NM,"['javascript', 'java', 'linux', 'c++', 'github']"
298,data analyst intern,NC,"['c', 'python', 'bash', 'linux', 'c++', 'java', 'azure', 'go', 'aws', 'html']"
299,data analyst intern,WA,['spark']
300,data analyst intern,WA,"['c', 'python', 'linux', 'c++', 'c/c++', 'github', 'go']"
301,data analyst intern,NY,[]
302,data analyst intern,TX,"['c', 'javascript', 'css', 'sql', 'mysql']"
303,data analyst intern,MN,"['python', 'node.js', 'java', 'graphql', 'aws']"
304,data analyst intern,PA,['c++']
305,data analyst intern,MN,"['matlab', 'python', 'r']"
306,data analyst intern,CO,"['c', 'bash', 'linux', 'java', 'jira', 'git', 'mongo', 'aurora']"
307,data analyst intern,WA,"['python', 'snowflake', 'redis', 'gitlab', 'postgres', 'docker', 'looker', 'aws']"
308,data analyst intern,IL,"['python', 'snowflake', 'redis', 'gitlab', 'postgres', 'docker', 'looker', 'aws']"
309,finance intern,NC,"['editing', 'project_management', 'proactive', 'articulate', 'adaptable', 'flexible', 'interpersonal', 'leader', 'curious']"
310,finance intern,NC,"['word', 'power_bi', 'communication', 'outlook', 'excel', 'meticulous', 'project_management', 'collaborative', 'organization', 'multitask', 'team_work', 'curious']"
311,finance intern,NY,"['collaborative', 'organization']"
312,finance intern,CA,"['databases', 'research', 'attention_to_detail', 'access', 'prioritize', 'interpersonal', 'leader']"
313,finance intern,MI,"['data_entry', 'excel', 'analytical']"
314,finance intern,GA,"['decision_making', 'organization', 'strategic', 'excel', 'financial_planning', 'analytical']"
315,finance intern,CT,"['word', 'research', 'communication', 'data_analysis', 'prioritize', 'excel', 'quantitative', 'powerpoint', 'interpersonal', 'valuation_techniques', 'financial_modeling', 'attention_to_detail', 'analytical']"
316,finance intern,CA,['administrative']
317,finance intern,NJ,"['financial_modeling', 'data_entry', 'financial_analysis', 'accuracy', 'excel', 'statistical_analysis', 'flexible']"
318,finance intern,,"['communication', 'data_science', 'adaptable']"
319,finance intern,,"['relationship_management', 'project_management', 'research', 'excel', 'attention_to_detail', 'interpersonal', 'team_work']"
320,finance intern,,"['data_analysis', 'r', 'organization', 'research', 'quantitative', 'statistical_analysis', 'canva', 'access', 'stata', 'gis', 'analytical']"
321,finance intern,GA,"['communication', 'research', 'access']"
322,finance intern,NE,"['communication', 'relationship_management', 'organization', 'time_management']"
323,finance intern,NY,"['flexible', 'communication', 'prioritize', 'work_independently', 'financial_planning', 'proactive', 'curious']"
324,finance intern,GA,"['work_independently', 'research', 'accuracy', 'excel', 'financial_planning', 'access', 'interpersonal', 'budgets']"
325,finance intern,NY,"['word', 'communication', 'data_analysis', 'spreadsheet', 'excel', 'powerpoint', 'work_independently', 'interpersonal', 'organization', 'decision_making', 'data_entry', 'access']"
326,finance intern,KY,"['excel', 'r']"
327,finance intern,MO,"['prioritize', 'interpersonal', 'collaborative', 'decision_making']"
328,finance intern,,"['word', 'communication', 'prioritize', 'excel', 'powerpoint', 'interpersonal', 'time_management', 'attention_to_detail', 'critical_thinking']"
329,finance intern,,"['word', 'documentation', 'research', 'communication', 'excel', 'work_independently', 'administrative', 'data_entry']"
330,finance intern,DE,"['gaap', 'communication', 'reconciliations', 'excel', 'interpersonal', 'analytical']"
331,finance intern,CA,"['organization', 'strategic', 'research', 'financial_analysis', 'accuracy', 'quantitative', 'proactive', 'access', 'flexible', 'interpersonal', 'collaborative']"
332,finance intern,NY,"['strategic', 'sql', 'logical', 'data_analysis', 'financial_analysis', 'excel', 'collaborative', 'financial_modeling', 'proactive', 'articulate']"
333,finance intern,FL,"['word', 'excel', 'powerpoint', 'work_independently', 'access']"
334,finance intern,KY,"['excel', 'attention_to_detail']"
335,finance intern,GA,"['communication', 'research', 'access']"
336,finance intern,SC,"['german', 'decision_making', 'financial_reporting']"
337,finance intern,OH,"['documentation', 'work_independently', 'word', 'research', 'excel', 'english', 'flexible', 'interpersonal', 'administrative']"
338,finance intern,CA,[]
339,finance intern,NY,"['word', 'power_bi', 'excel', 'powerpoint', 'interpersonal', 'leader', 'financial_reporting', 'access']"
340,finance intern,LA,"['sql', 'excel', 'python', 'organization']"
341,finance intern,OH,['collaborative']
342,finance intern,CA,"['word', 'excel', 'powerpoint', 'interpersonal']"
343,finance intern,IN,"['erp', 'gaap', 'reconciliations', 'excel', 'powerpoint', 'leader', 'ifrs']"
344,finance intern,HI,"['communication', 'excel', 'powerpoint', 'interpersonal', 'time_management', 'organization', 'proactive']"
345,finance intern,OH,"['word', 'research', 'communication', 'outlook', 'financial_analysis', 'accuracy', 'excel', 'powerpoint', 'interpersonal', 'leader', 'timeliness', 'data_entry', 'analytical']"
346,finance intern,SD,['financial_reporting']
347,finance intern,CT,"['word', 'communication', 'data_analysis', 'spreadsheet', 'excel', 'powerpoint', 'work_independently', 'interpersonal', 'organization', 'decision_making', 'multitask', 'data_entry', 'access']"
348,finance intern,GA,"['word', 'excel', 'powerpoint', 'work_independently', 'access']"
349,finance intern,CA,"['word', 'flexible', 'communication', 'excel', 'powerpoint', 'work_independently', 'time_management', 'administrative', 'critical_thinking', 'access']"
350,finance intern,,"['communication', 'financial_planning']"
351,finance intern,MS,"['word', 'excel', 'powerpoint', 'work_independently', 'access']"
352,finance intern,GA,"['research', 'access', 'prioritize']"
353,finance intern,NY,"['documentation', 'project_management', 'organization', 'strategic', 'research', 'access']"
354,finance intern,,"['french', 'editing', 'powerpoint', 'work_independently', 'spanish', 'organization', 'word', 'research', 'excel', 'quantitative', 'access', 'flexible', 'prioritize', 'data_driven', 'curious']"
355,finance intern,GA,"['work_independently', 'research', 'accuracy', 'excel', 'financial_planning', 'access', 'interpersonal', 'budgets']"
356,finance intern,CA,"['communication', 'python', 'r', 'node', 'javascript', 'react', 'project_management', 'accuracy', 'data_science', 'attention_to_detail', 'access', 'flexible', 'analytical']"
357,finance intern,NJ,['work_independently']
358,finance intern,,"['word', 'research', 'communication', 'data_analysis', 'prioritize', 'excel', 'quantitative', 'powerpoint', 'interpersonal', 'valuation_techniques', 'financial_modeling', 'attention_to_detail', 'analytical']"
359,finance intern,IL,"['reconciliations', 'excel', 'attention_to_detail', 'budgets']"
360,finance intern,AL,"['word', 'adaptable', 'flexible', 'research', 'communication', 'excel', 'interpersonal', 'collaborative', 'attention_to_detail', 'analytical']"
361,finance intern,FL,"['word', 'excel', 'powerpoint', 'work_independently', 'access']"
362,finance intern,CA,"['versatility', 'outlook', 'english', 'attention_to_detail', 'flexible', 'prioritize', 'leader']"
363,finance intern,NM,"['adaptable', 'flexible', 'communication', 'goal_oriented', 'prioritize', 'excel', 'work_independently', 'interpersonal', 'collaborative', 'organization', 'attention_to_detail', 'analytical']"
364,finance intern,GA,['leader']
365,finance intern,CA,['organization']
366,finance intern,IN,"['organization', 'databases', 'word', 'research', 'excel', 'access', 'flexible']"
367,finance intern,LA,[]
368,finance intern,GA,"['word', 'excel', 'powerpoint', 'work_independently', 'access']"
369,finance intern,NY,['access']
370,finance intern,WA,"['word', 'research', 'excel', 'powerpoint', 'collaborative', 'administrative', 'curious']"
371,finance intern,,"['word', 'research', 'excel', 'powerpoint', 'collaborative', 'administrative', 'curious']"
372,finance intern,NY,"['research', 'accuracy', 'english', 'attention_to_detail', 'analytical']"
373,finance intern,CA,"['communication', 'research', 'attention_to_detail', 'prioritize', 'interpersonal']"
374,finance intern,WI,"['macros', 'sap', 'organization', 'tableau', 'sql', 'erp', 'excel', 'access', 'analytical']"
375,finance intern,OH,[]
376,finance intern,NY,['administrative']
377,finance intern,,['access']
378,finance intern,NY,['access']
379,finance intern,MI,"['reconciliations', 'organization']"
380,finance intern,NJ,"['documentation', 'communication', 'research']"
381,finance intern,ID,"['documentation', 'accuracy', 'prioritize', 'reconciliations', 'excel', 'work_independently']"
382,finance intern,TX,[]
383,finance intern,TX,"['word', 'strategic', 'research', 'accuracy', 'excel', 'quantitative', 'powerpoint', 'leader', 'attention_to_detail', 'analytical']"
384,finance intern,MS,['access']
385,finance intern,NJ,['work_independently']
386,finance intern,OH,"['flexible', 'communication', 'accuracy', 'reconciliations', 'organization', 'sap']"
387,finance intern,CA,"['communication', 'powerpoint', 'work_independently', 'organization', 'databases', 'research', 'excel', 'prioritize', 'collaborative', 'analytical']"
388,finance intern,CA,"['data_analysis', 'work_independently', 'organization', 'strategic', 'research', 'attention_to_detail', 'access', 'interpersonal', 'analytical']"
389,finance intern,NY,"['research', 'collaborative', 'databases']"
390,finance intern,CA,['organization']
391,finance intern,NY,"['strategic', 'work_independently', 'attention_to_detail']"
392,finance intern,CA,"['data_science', 'organization']"
393,finance intern,IL,"['outlook', 'interpersonal', 'administrative', 'data_entry', 'access']"
394,finance intern,VA,"['word', 'strategic', 'documentation', 'excel', 'powerpoint']"
395,finance intern,VA,"['documentation', 'organization', 'word', 'research', 'excel', 'english', 'attention_to_detail', 'administrative']"
396,finance intern,CT,"['prioritize', 'attention_to_detail']"
397,finance intern,AL,"['communication', 'data_entry', 'bookkeeping', 'reconciliations', 'financial_reporting', 'attention_to_detail', 'flexible', 'leader', 'budgets', 'analytical']"
398,finance intern,OH,"['documentation', 'powerpoint', 'work_independently', 'word', 'excel', 'flexible']"
399,finance intern,NY,"['google_suite', 'databases', 'access']"
400,finance intern,CA,['organization']
401,finance intern,NY,"['javascript', 'research', 'leader', 'organization']"
402,finance intern,KS,"['french', 'communication', 'pdf', 'powerpoint', 'work_independently', 'organization', 'word', 'research', 'excel', 'english', 'access', 'analytical']"
403,finance intern,CA,"['excel', 'organization', 'tableau']"
404,finance intern,GA,"['reconciliations', 'accuracy']"
405,finance intern,IL,"['communication', 'attention_to_detail', 'access']"
406,finance intern,NE,"['communication', 'relationship_management', 'organization', 'time_management']"
407,finance intern,,"['editing', 'communication', 'work_independently', 'organization', 'multitask', 'research', 'interpersonal', 'collaborative', 'administrative']"
408,finance intern,SC,"['reconciliations', 'accuracy']"
409,finance intern,NY,"['word', 'accuracy', 'excel']"
410,finance intern,NC,"['strategic', 'research', 'prioritize', 'excel', 'interpersonal', 'organization', 'multitask', 'attention_to_detail', 'analytical']"
411,finance intern,NY,"['communication', 'attention_to_detail']"
412,finance intern,CA,"['data_analysis', 'organization', 'research', 'analytical']"
413,finance intern,NJ,"['word', 'communication', 'quantitative', 'interpersonal']"
414,finance intern,WV,"['time_management', 'analytical']"
415,finance intern,CA,"['word', 'documentation', 'reconciliations', 'excel', 'databases', 'data_entry']"
416,finance intern,NY,"['word', 'research', 'excel', 'powerpoint']"
417,finance intern,VA,"['documentation', 'organization', 'word', 'research', 'excel', 'english', 'attention_to_detail', 'administrative']"
418,finance intern,CA,"['meticulous', 'powerpoint', 'organization', 'word', 'excel', 'attention_to_detail', 'flexible', 'collaborative']"
419,finance intern,AZ,"['communication', 'powerpoint', 'work_independently', 'organization', 'databases', 'research', 'excel', 'prioritize', 'collaborative', 'analytical']"
420,finance intern,OR,"['research', 'communication', 'pdf']"
421,finance intern,CA,"['communication', 'outlook', 'powerpoint', 'multitask', 'word', 'research', 'excel', 'attention_to_detail', 'proactive', 'administrative']"
422,finance intern,NJ,"['research', 'organization']"
423,finance intern,NY,['flexible']
424,finance intern,NY,"['data_analysis', 'python', 'powerpoint', 'tableau', 'word', 'research', 'excel', 'quantitative', 'leader']"
425,finance intern,WA,"['word', 'flexible', 'excel', 'administrative']"
426,finance intern,NJ,"['documentation', 'work_independently', 'attention_to_detail']"
427,finance intern,VA,"['word', 'strategic', 'excel']"
428,finance intern,NY,"['erp', 'research', 'accuracy', 'collaborative', 'data_entry']"
429,finance intern,,"['documentation', 'communication', 'accuracy', 'reconciliations', 'financial_reporting', 'attention_to_detail']"
430,finance intern,MS,"['work_independently', 'organization', 'administrative']"
431,finance intern,CA,"['communication', 'powerpoint', 'work_independently', 'organization', 'databases', 'research', 'excel', 'prioritize', 'collaborative', 'analytical']"
432,finance intern,WI,"['research', 'excel', 'work_independently', 'attention_to_detail']"
433,finance intern,MO,"['research', 'collaborative', 'analytical', 'critical_thinking']"
434,finance intern,GA,"['gaap', 'financial_planning']"
435,finance intern,NJ,"['spreadsheet', 'excel', 'work_independently']"
436,finance intern,NM,"['documentation', 'research', 'spreadsheet', 'quantitative', 'attention_to_detail', 'critical_thinking']"
437,finance intern,WA,"['powerpoint', 'word', 'excel', 'attention_to_detail', 'access', 'collaborative']"
438,finance intern,GA,"['research', 'communication', 'data_analysis', 'administrative', 'attention_to_detail', 'proactive', 'access']"
439,finance intern,NC,"['word', 'gaap', 'flexible', 'research', 'communication', 'financial_analysis', 'accuracy', 'excel', 'organization', 'analytical', 'critical_thinking']"
440,finance intern,IL,"['documentation', 'accuracy', 'excel', 'attention_to_detail']"
441,finance intern,OH,['erp']
442,finance intern,TN,"['communication', 'work_independently', 'attention_to_detail', 'flexible', 'collaborative', 'analytical', 'curious']"
443,finance intern,NY,"['editing', 'documentation', 'organization', 'access']"
444,finance intern,,"['editing', 'spreadsheet', 'project_management', 'organization', 'administrative', 'data_entry']"
445,finance intern,FL,"['word', 'excel', 'powerpoint', 'work_independently', 'access']"
446,finance intern,CA,"['organization', 'research']"
447,finance intern,VA,"['communication', 'collaborative', 'attention_to_detail']"
448,finance intern,IL,"['attention_to_detail', 'proactive', 'interpersonal', 'collaborative', 'leader', 'analytical']"
449,finance intern,MA,"['strategic', 'communication', 'accuracy', 'english', 'attention_to_detail', 'access']"
450,finance intern,CA,"['word', 'research', 'excel', 'powerpoint']"
451,finance intern,NY,"['r', 'power_bi', 'powerpoint', 'word', 'research', 'excel', 'data_science', 'attention_to_detail', 'flexible', 'collaborative', 'analytical', 'curious']"
452,finance intern,NY,"['documentation', 'data_analysis', 'organization']"
453,finance intern,NY,"['communication', 'powerpoint', 'organization', 'word', 'research', 'excel', 'prioritize', 'interpersonal', 'collaborative']"
454,finance intern,MD,"['word', 'research', 'excel', 'powerpoint']"
455,finance intern,CA,"['communication', 'data_analysis', 'python', 'work_independently', 'research', 'proactive', 'flexible', 'curious']"
456,finance intern,MA,"['documentation', 'communication', 'outlook', 'organization', 'word', 'research', 'excel', 'access', 'administrative']"
457,finance intern,ID,"['organization', 'strategic', 'research', 'accuracy', 'excel', 'prioritize', 'interpersonal', 'analytical']"
458,finance intern,AL,"['reconciliations', 'accuracy']"
459,finance intern,OH,"['documentation', 'powerpoint', 'work_independently', 'word', 'excel', 'access', 'flexible', 'interpersonal']"
460,finance intern,NY,"['editing', 'organization', 'access']"
461,finance intern,IA,"['communication', 'administrative']"
462,finance intern,AL,"['reconciliations', 'accuracy']"
463,finance intern,NJ,"['interpersonal', 'organization']"
464,finance intern,MI,"['word', 'research', 'excel', 'powerpoint']"
465,finance intern,KS,"['data_analysis', 'project_management']"
466,finance intern,WA,"['powerpoint', 'accuracy', 'access', 'interpersonal']"
467,finance intern,GA,"['documentation', 'flexible', 'research', 'financial_analysis', 'accuracy', 'spreadsheet', 'prioritize', 'word', 'excel', 'english', 'powerpoint', 'budgets', 'multitask', 'financial_modeling', 'attention_to_detail', 'analytical', 'access']"
468,finance intern,IL,"['decision_making', 'outlook', 'organization', 'word', 'research', 'accuracy', 'excel', 'attention_to_detail', 'articulate', 'adaptable', 'flexible']"
469,finance intern,MD,"['communication', 'python', 'r', 'javascript', 'organization', 'tableau', 'strategic', 'research', 'data_science', 'gis']"
470,finance intern,MA,"['r', 'power_bi', 'powerpoint', 'word', 'research', 'excel', 'data_science', 'attention_to_detail', 'flexible', 'collaborative', 'analytical', 'curious']"
471,finance intern,CT,"['organization', 'research', 'collaborative', 'analytical']"
472,finance intern,ND,['reconciliations']
473,finance intern,CA,"['research', 'communication', 'pdf']"
474,finance intern,OH,"['reconciliations', 'interpersonal', 'collaborative', 'attention_to_detail', 'data_entry', 'analytical']"
475,finance intern,IL,"['interpersonal', 'collaborative', 'attention_to_detail', 'proactive', 'analytical']"
476,finance intern,NJ,['flexible']
477,finance intern,OH,['leader']
478,finance intern,ND,['reconciliations']
479,finance intern,CA,"['documentation', 'communication', 'prioritize', 'interpersonal', 'data_entry']"
480,finance intern,NC,"['word', 'research', 'excel', 'powerpoint']"
481,finance intern,OH,"['word', 'gaap', 'outlook', 'accuracy', 'excel', 'work_independently', 'bookkeeping', 'analytical']"
482,finance intern,IL,"['documentation', 'communication', 'excel', 'time_management', 'attention_to_detail']"
483,finance intern,NJ,"['interpersonal', 'attention_to_detail']"
484,finance intern,FL,"['documentation', 'data_analysis', 'data_entry', 'reconciliations', 'organization', 'erp', 'research', 'financial_analysis', 'accuracy', 'excel', 'attention_to_detail', 'prioritize', 'collaborative', 'leader']"
485,finance intern,OH,"['communication', 'multitask', 'attention_to_detail', 'interpersonal', 'collaborative']"
486,finance intern,TX,"['research', 'articulate', 'collaborative', 'analytical']"
487,finance intern,OH,"['word', 'spreadsheet', 'accuracy', 'excel', 'work_independently', 'interpersonal']"
488,finance intern,NV,"['strategic', 'communication', 'leader', 'attention_to_detail', 'proactive', 'articulate']"
489,finance intern,MI,"['word', 'research', 'excel', 'powerpoint']"
490,finance intern,NY,"['communication', 'relationship_management', 'decision_making', 'organization', 'research', 'accuracy', 'excel', 'attention_to_detail', 'proactive', 'articulate', 'collaborative']"
491,finance intern,OH,['research']
492,finance intern,OR,"['research', 'communication', 'pdf']"
493,finance intern,AR,"['word', 'communication', 'outlook', 'excel', 'powerpoint']"
494,finance intern,NY,"['documentation', 'organization', 'access']"
495,finance intern,NY,"['flexible', 'communication', 'outlook', 'reconciliations', 'excel', 'work_independently', 'collaborative', 'attention_to_detail']"
496,finance intern,TX,"['data_entry', 'critical_thinking', 'outlook', 'powerpoint', 'work_independently', 'organization', 'word', 'research', 'excel', 'access', 'interpersonal', 'time_management', 'administrative']"
497,finance intern,IA,"['outlook', 'excel', 'organization', 'attention_to_detail']"
498,finance intern,FL,"['documentation', 'spanish', 'research', 'attention_to_detail', 'access', 'curious']"
499,finance intern,GA,"['word', 'research', 'excel', 'powerpoint', 'databases', 'critical_thinking']"
500,finance intern,NJ,"['flexible', 'accuracy']"
501,finance intern,TX,"['decision_making', 'outlook', 'powerpoint', 'work_independently', 'organization', 'word', 'excel', 'gis']"
502,finance intern,TX,"['r', 'project_management', 'word', 'research', 'excel', 'interpersonal', 'analytical']"
503,finance intern,OH,['collaborative']
504,finance intern,MO,"['collaborative', 'analytical', 'critical_thinking']"
505,finance intern,NC,"['financial_analysis', 'excel', 'english', 'financial_planning', 'financial_reporting', 'analytical']"
506,finance intern,NJ,"['organization', 'sql', 'access', 'flexible', 'analytical']"
507,finance intern,GA,"['reconciliations', 'accuracy']"
508,finance intern,FL,"['word', 'research', 'excel', 'powerpoint']"
509,finance intern,PA,"['word', 'documentation', 'data_analysis', 'outlook', 'excel', 'python', 'powerpoint', 'work_independently', 'interpersonal', 'financial_modeling', 'bookkeeping', 'access']"
510,finance intern,MO,"['flexible', 'excel', 'work_independently']"
511,finance intern,NC,"['documentation', 'data_entry', 'word', 'research', 'accuracy', 'excel', 'interpersonal', 'analytical']"
512,finance intern,CA,"['communication', 'strategic']"
513,finance intern,GA,"['word', 'research', 'excel', 'powerpoint']"
514,finance intern,FL,"['documentation', 'research', 'communication', 'work_independently', 'interpersonal']"
515,finance intern,NJ,['work_independently']
516,finance intern,CA,"['research', 'financial_analysis', 'organization']"
517,finance intern,GA,"['word', 'prioritize', 'excel', 'interpersonal', 'analytical']"
518,finance intern,CA,"['flexible', 'excel', 'interpersonal', 'time_management', 'leader']"
519,finance intern,SC,"['word', 'prioritize', 'excel', 'interpersonal', 'analytical']"
520,finance intern,CA,['erp']
521,finance intern,CA,['administrative']
522,finance intern,GA,"['reconciliations', 'accuracy']"
523,finance intern,OH,"['word', 'research', 'excel', 'powerpoint']"
524,finance intern,NY,"['documentation', 'research', 'reconciliations', 'excel', 'english', 'work_independently', 'organization', 'databases', 'multitask', 'administrative', 'data_entry']"
525,finance intern,AL,"['documentation', 'work_independently', 'analytical']"
526,finance intern,CA,"['powerpoint', 'multitask', 'word', 'research', 'excel', 'access', 'curious']"
527,finance intern,,"['gaap', 'research', 'accuracy', 'collaborative', 'data_entry', 'bookkeeping']"
528,finance intern,NY,"['research', 'multitask']"
529,finance intern,MA,"['flexible', 'articulate']"
530,finance intern,,"['flexible', 'critical_thinking']"
531,finance intern,,"['gaap', 'research', 'accuracy', 'collaborative', 'data_entry', 'bookkeeping']"
532,finance intern,PA,"['word', 'sql', 'documentation', 'gaap', 'communication', 'outlook', 'accuracy', 'prioritize', 'reconciliations', 'excel', 'english', 'python', 'work_independently', 'interpersonal', 'time_management', 'spanish', 'organization', 'proactive', 'analytical']"
533,finance intern,KS,"['reconciliations', 'excel', 'budgets']"
534,finance intern,AL,['data_entry']
535,finance intern,GA,"['decision_making', 'spreadsheet', 'strategic', 'leader']"
536,finance intern,FL,"['organization', 'strategic', 'research', 'proactive', 'articulate', 'collaborative', 'analytical']"
537,finance intern,FL,"['research', 'pdf', 'accuracy', 'excel', 'meticulous', 'attention_to_detail', 'data_entry']"
538,finance intern,NY,"['word', 'research', 'excel', 'powerpoint']"
539,finance intern,MN,"['documentation', 'flexible']"
540,finance intern,TX,"['flexible', 'accuracy', 'prioritize', 'reconciliations', 'time_management', 'financial_reporting', 'analytical']"
541,finance intern,OR,"['interpersonal', 'organization']"
542,finance intern,TN,"['word', 'excel', 'leader', 'organization', 'administrative']"
543,finance intern,CA,"['financial_planning', 'access', 'flexible', 'leader']"
544,finance intern,AZ,"['communication', 'reconciliations', 'interpersonal', 'financial_reporting', 'analytical', 'sap']"
545,finance intern,AL,"['word', 'excel', 'leader', 'organization', 'administrative', 'bookkeeping']"
546,finance intern,CA,['organization']
547,finance intern,IL,"['data_entry', 'organization', 'english', 'access', 'interpersonal', 'administrative']"
548,finance intern,OR,"['english', 'access']"
549,finance intern,MN,['flexible']
550,finance intern,VA,"['flexible', 'prioritize', 'excel', 'leader', 'attention_to_detail', 'data_entry']"
551,finance intern,NJ,"['word', 'excel', 'work_independently']"
552,finance intern,FL,"['documentation', 'powerpoint', 'word', 'research', 'excel', 'flexible']"
553,finance intern,,"['research', 'communication', 'access']"
554,finance intern,CA,['erp']
555,finance intern,TX,"['research', 'articulate', 'analytical']"
556,finance intern,AL,"['administrative', 'accuracy', 'communication']"
557,finance intern,NY,"['financial_reporting', 'access']"
558,finance intern,GA,"['flexible', 'excel', 'interpersonal', 'time_management', 'leader']"
559,finance intern,NY,"['flexible', 'excel', 'interpersonal', 'time_management', 'leader']"
560,finance intern,AR,"['outlook', 'organization', 'word', 'excel', 'articulate', 'flexible', 'administrative']"
561,finance intern,NJ,"['word', 'research', 'communication', 'excel', 'leader']"
562,finance intern,CO,"['word', 'outlook', 'excel', 'project_management', 'leader', 'organization', 'administrative', 'attention_to_detail']"
563,finance intern,MA,"['word', 'research', 'excel', 'powerpoint']"
564,finance intern,TX,"['flexible', 'excel', 'interpersonal', 'time_management', 'leader']"
565,finance intern,GA,"['communication', 'collaborative', 'organization', 'proactive']"
566,finance intern,,"['financial_reporting', 'access']"
567,finance intern,TX,"['documentation', 'flexible', 'accuracy']"
568,finance intern,OH,"['word', 'research', 'excel', 'powerpoint']"
569,finance intern,PA,['research']
570,finance intern,NE,[]
571,finance intern,VA,"['word', 'research', 'excel', 'powerpoint', 'databases', 'critical_thinking']"
572,finance intern,MO,"['documentation', 'communication', 'strategic', 'research', 'access', 'flexible', 'interpersonal', 'leader']"
573,finance intern,MD,"['communication', 'relationship_management', 'powerpoint', 'work_independently', 'organization', 'research', 'excel', 'proactive', 'time_management', 'administrative', 'analytical']"
574,finance intern,MI,['leader']
575,finance intern,TX,"['powerpoint', 'word', 'research', 'excel']"
576,finance intern,,"['work_independently', 'research', 'accuracy', 'excel', 'attention_to_detail']"
577,finance intern,WA,"['word', 'research', 'excel', 'powerpoint', 'databases', 'critical_thinking']"
578,finance intern,MA,"['accuracy', 'excel', 'interpersonal']"
579,finance intern,NY,"['word', 'communication', 'excel', 'work_independently', 'organization', 'data_entry']"
580,finance intern,OH,"['word', 'research', 'excel', 'powerpoint']"
581,finance intern,IN,"['communication', 'strategic', 'research', 'excel', 'flexible', 'interpersonal', 'collaborative']"
582,finance intern,,['gaap']
583,finance intern,CA,"['word', 'research', 'excel', 'powerpoint']"
584,finance intern,TX,"['word', 'communication', 'work_independently', 'interpersonal']"
585,finance intern,NY,"['documentation', 'organization', 'accuracy', 'access']"
586,finance intern,OH,"['communication', 'strategic', 'research', 'excel', 'flexible', 'interpersonal', 'collaborative']"
587,finance intern,KY,"['reconciliations', 'research', 'flexible', 'prioritize']"
588,finance intern,,"['documentation', 'reconciliations', 'organization', 'gaap', 'administrative']"
589,finance intern,GA,"['collaborative', 'leader']"
590,finance intern,VA,"['word', 'research', 'excel', 'powerpoint']"
591,finance intern,CA,"['communication', 'data_analysis', 'project_management', 'tableau', 'sql', 'research', 'accuracy', 'excel', 'prioritize', 'collaborative', 'time_management', 'timeliness', 'administrative', 'analytical']"
592,finance intern,CA,"['research', 'communication', 'pdf']"
593,finance intern,AL,"['flexible', 'communication', 'excel', 'work_independently', 'interpersonal', 'attention_to_detail', 'data_entry']"
594,finance intern,AZ,"['work_independently', 'interpersonal', 'collaborative', 'administrative']"
595,finance intern,"MS, TN","['word', 'excel', 'powerpoint', 'leader', 'organization', 'access']"
596,finance intern,IN,"['flexible', 'excel', 'interpersonal', 'time_management', 'leader']"
597,finance intern,NC,['project_management']
598,finance intern,MI,"['communication', 'organization']"
599,finance intern,NY,"['research', 'communication', 'access']"
600,finance intern,CO,"['erp', 'research', 'excel', 'organization', 'financial_reporting', 'data_entry', 'articulate', 'curious']"
601,finance intern,MD,"['communication', 'python', 'r', 'javascript', 'organization', 'tableau', 'strategic', 'research', 'data_science', 'gis']"
602,finance intern,GA,"['word', 'research', 'excel', 'powerpoint', 'databases', 'critical_thinking']"
603,finance intern,MA,"['word', 'documentation', 'research', 'excel', 'organization', 'administrative', 'access']"
604,finance intern,NV,"['word', 'research', 'excel', 'powerpoint']"
605,finance intern,ID,"['work_independently', 'organization', 'research']"
606,finance intern,FL,"['reconciliations', 'excel', 'macros', 'administrative']"
607,finance intern,TX,"['powerpoint', 'word', 'research', 'excel']"
608,finance intern,CA,['organization']
609,finance intern,CA,"['documentation', 'communication', 'data_analysis', 'project_management', 'tableau', 'databases', 'sql', 'research', 'accuracy', 'excel', 'prioritize', 'collaborative', 'time_management', 'timeliness', 'administrative', 'analytical']"
610,finance intern,GA,"['reconciliations', 'accuracy']"
611,finance intern,IL,"['organization', 'strategic', 'research', 'proactive', 'articulate', 'collaborative', 'analytical']"
612,finance intern,FL,['documentation']
613,finance intern,GA,"['documentation', 'organization', 'administrative', 'analytical']"
614,finance intern,,[]
615,finance intern,CT,"['word', 'research', 'excel', 'powerpoint']"
616,finance intern,NM,['project_management']
617,finance intern,IN,"['communication', 'strategic', 'research', 'excel', 'flexible', 'interpersonal', 'collaborative']"
618,finance intern,NM,"['word', 'excel', 'leader', 'organization', 'administrative']"
619,finance intern,CA,"['word', 'research', 'excel', 'powerpoint', 'databases', 'critical_thinking']"
620,finance intern,GA,"['flexible', 'excel', 'interpersonal', 'time_management', 'leader']"
621,finance intern,AZ,"['word', 'outlook', 'accuracy', 'reconciliations', 'excel', 'powerpoint', 'financial_reporting']"
622,finance intern,OH,"['communication', 'strategic', 'research', 'excel', 'flexible', 'interpersonal', 'collaborative']"
623,finance intern,CA,"['data_analysis', 'organization']"
624,finance intern,CA,['organization']
625,finance intern,WA,"['word', 'research', 'excel', 'powerpoint']"
626,finance intern,VA,"['word', 'research', 'excel', 'powerpoint']"
627,finance intern,MI,"['flexible', 'research', 'financial_analysis', 'excel', 'collaborative']"
628,finance intern,IL,"['data_analysis', 'project_management']"
629,finance intern,TX,"['organization', 'strategic', 'research', 'proactive', 'articulate', 'collaborative', 'analytical']"
630,finance intern,,['quantitative']
631,finance intern,NY,"['word', 'research', 'excel', 'powerpoint']"
632,finance intern,IL,"['communication', 'organization']"
633,finance intern,NV,[]
634,finance intern,AZ,"['editing', 'organization', 'leader']"
635,finance intern,KY,"['communication', 'strategic', 'research', 'excel', 'flexible', 'interpersonal', 'collaborative']"
636,finance intern,OH,"['word', 'research', 'excel', 'powerpoint']"
637,finance intern,PA,['research']
638,finance intern,CA,"['data_analysis', 'organization']"
639,finance intern,FL,"['communication', 'r', 'tableau', 'sql', 'research', 'financial_analysis', 'excel', 'data_science', 'analytical', 'curious']"
640,finance intern,MA,"['flexible', 'research', 'financial_analysis', 'excel', 'collaborative']"
641,finance intern,NJ,"['communication', 'attention_to_detail', 'access', 'flexible', 'leader']"
642,finance intern,TX,"['decision_making', 'outlook', 'powerpoint', 'work_independently', 'organization', 'word', 'accuracy', 'excel', 'gis']"
643,finance intern,MI,"['r', 'project_management', 'word', 'research', 'excel', 'interpersonal', 'analytical']"
644,finance intern,CA,"['organization', 'accuracy']"
645,finance intern,,"['word', 'research', 'outlook', 'excel', 'powerpoint', 'work_independently', 'interpersonal', 'time_management', 'organization', 'administrative', 'data_entry', 'critical_thinking']"
646,finance intern,MD,"['word', 'research', 'excel', 'powerpoint']"
647,finance intern,TX,"['flexible', 'excel', 'interpersonal', 'time_management', 'leader']"
648,finance intern,CA,"['data_analysis', 'organization']"
649,finance intern,OK,"['communication', 'excel', 'financial_reporting']"
650,finance intern,MA,"['word', 'research', 'excel', 'powerpoint', 'databases', 'critical_thinking']"
651,finance intern,CA,"['reconciliations', 'budgets']"
652,finance intern,IL,"['word', 'research', 'excel', 'powerpoint', 'databases', 'critical_thinking']"
653,finance intern,MD,"['word', 'research', 'excel', 'powerpoint']"
654,finance intern,MA,[]
